SKU,VIN,Note
DE-E18A-BLUE-L/XL,TT22E08011290,
DE-E18A-BLUE-L/XL,TT22E08011576,
DE-E18A-BLUE-L/XL,TT22E08011234,
DE-E18A-BLUE-L/XL,TT22EO7060821,
DE-E18A-BLUE-L/XL,TT22E08011854,
DE-E18A-BLUE-L/XL,TT22E08011065,
DE-E18A-BLUE-L/XL,TT22EO7060507,
DE-E18A-BLUE-L/XL,TT22EO7060860,
DE-E18A-BLUE-L/XL,TT22EO7060979,
DE-E18A-BLUE-L/XL,TT22EO7060651,
DE-E18A-BLUE-L/XL,TT22E08011739,
DE-E18A-BLUE-L/XL,TT22EO7060993,
DE-E10-CGY,TT21B12200908,
DE-E10-CGY,TT22C03050143,
DE-E10-CGY,TT22C03050813,
DE-E10-CGY,TT22C03050059,
DE-E10-CGY,TT21B12200834,
DE-E10-CGY,TT22C03050385,
DE-E10-CGY,TT22C03050669,
DE-E10-CGY,TT22C03050555,
DE-E10-CGY,TT22C03051186,
DE-E10-CGY,TT22C03051166,
DE-E10-CGY,TT21B12200973,
DE-E10-CGY,TT22C03051321,
DE-E18A-BLUE-L/XL,TT22E08011890,
DE-E18A-BLUE-L/XL,TT22E08011310,
DE-E18A-BLUE-L/XL,TT22E08011460,
DE-E18A-BLUE-L/XL,TT22E08011198,
DE-E18A-BLUE-L/XL,TT22E08011403,
DE-E18A-BLUE-L/XL,TT22E08011940,
DE-E18A-BLUE-L/XL,TT22E08011171,
DE-E18A-BLUE-L/XL,TT22E08011838,
DE-E18A-BLUE-L/XL,TT22E08011820,
DE-E18A-BLUE-L/XL,TT22EO7060543,
DE-E18A-BLUE-L/XL,TT22E08011816,
DE-E18A-BLUE-L/XL,TT22E08011916,
DE-E18A-BLUE-L/XL,TT22E08011331,
DE-E18A-BLUE-L/XL,TT22E08011689,
DE-E18A-BLUE-L/XL,TT22EO7060815,
DE-E18A-BLUE-L/XL,TT22E06060398,
DE-E18A-BLUE-L/XL,TT22EO7060797,
DE-E18A-BLUE-L/XL,TT22E05060303,
DE-E18A-BLUE-L/XL,TT22E08011241,
DE-E18A-BLUE-L/XL,TT22EO7060592,
DE-E18A-BLUE-L/XL,TT22EO7060731,
DE-E18A-BLUE-L/XL,TT22E08011928,
DE-E18A-BLUE-L/XL,TT22E08011484,
DE-E18A-BLUE-L/XL,TT22EO7060831,
DE-E18-GRAY-L/XL,TT22E08011516,
DE-E18-GRAY-L/XL,TT22E08011386,
DE-E18-GRAY-L/XL,TT22E08011307,
DE-E18-GRAY-L/XL,TT22E08011706,
DE-E18-GRAY-L/XL,TT22E08011014,
DE-E18-GRAY-L/XL,TT22E08011081,
DE-E18-GRAY-L/XL,TT22E08011653,
DE-E18-GRAY-L/XL,TT22E08011690,
DE-E18-GRAY-L/XL,TT22E08011258,
DE-E18-GRAY-L/XL,TT22E08011368,
DE-E18-GRAY-L/XL,TT22EO6O60301,
DE-E18-GRAY-L/XL,TT22E08011632,
DE-E13-BONE-S/M,TT22AO6050403,
DE-E13-BONE-S/M,TT22AO6050598,
DE-E13-BONE-S/M,TT22A05210219,
DE-E13-BONE-S/M,TT22A05210126,
DE-E13-BONE-S/M,TT22A05210262,
DE-E13-BONE-S/M,TT22D04300569,
DE-E18-GRAY-L/XL,TT22E08011482,
DE-E18-GRAY-L/XL,TT22E08011769,
DE-E18-GRAY-L/XL,TT22E08011089,
GT-TUNDRA750SO-GRN,TT22C06070323,
GT-TUNDRA750SO-GRN,TT22C06070046,
GT-TUNDRA750SO-GRN,TT22C06070262,
GT-TUNDRA750SO-GRN,TT22C06070177,
GT-TUNDRA750SO-GRN,TT22C06070045,
GT-TUNDRA750SO-GRN,TT22C06070090,
GT-TUNDRA750SO-GRN,TT22C06070109,
GT-TUNDRA750SO-GRN,TT22C06070014,
GT-TUNDRA750SO-GRN,TT22C06070269,
GT-CTi350SO-WHI,  TT23A03180367,
GT-CTi350SO-WHI,  TT22A12080355,
GT-CTi350SO-WHI,  TT23A03180123,
GT-CTi350SO-WHI,  TT22A12080419,
GT-CTi350SO-WHI,  TT22A12080273,
GT-CTi350SO-WHI,  TT22A12080168,
GT-TUNDRA750SO-GRN,TT22C06070060,
GT-TUNDRA750SO-GRN,TT22C06070024,
GT-TUNDRA750SO-GRN,TT22A100207,
GT-TUNDRA750SO-GRN,TT22C06070181,
GT-TUNDRA750SO-GRN,TT22C06070312,
GT-TUNDRA750SO-GRN,TT22C06070043,
GT-TUNDRA750SO-GRN,TT22C06070116,
GT-TUNDRA750SO-GRN,TT22C06070136,
GT-TUNDRA750SO-GRN,TT22C06070146,
DE-E18A-BLUE-L/XL,TT22E05060243,
DE-E18A-BLUE-L/XL,TT22E08011418,
DE-E18A-BLUE-L/XL,TT22EO7060866,
DE-E18A-BLUE-L/XL,TT22E08011125,
DE-E18A-BLUE-L/XL,TT22E08011273,
DE-E18A-BLUE-L/XL,TT22EO7060539,
DE-E18A-BLUE-L/XL,TT22E08011808,
DE-E18A-BLUE-L/XL,TT22EO7060856,
DE-E18A-BLUE-L/XL,TT22E08011672,
DE-E18A-BLUE-L/XL,TT22E08011920,
DE-E18A-BLUE-L/XL,TT22EO7060919,
DE-E18A-BLUE-L/XL,TT22EO7060530,
DE-E18-GRAY-L/XL,TT22E08011212,
DE-E18-GRAY-L/XL,TT22E05060206,
DE-E18-GRAY-L/XL,TT22E08011377,
DE-E18-GRAY-L/XL,TT22E08011894,
DE-E18-GRAY-L/XL,TT22E08011325,
DE-E18-GRAY-L/XL,TT22E08011113,
DE-E18-GRAY-L/XL,TT22E08011250,
DE-E18-GRAY-L/XL,TT22E08011989,
DE-E18-GRAY-L/XL,TT22E06060511,
DE-E18-GRAY-L/XL,TT22EO7O60678,
DE-E18-GRAY-L/XL,TT22E08011164,
DE-E18-GRAY-L/XL,TT22E08011588,
DE-E18A-BLUE-L/XL,TT22EO7060938,
DE-E18A-BLUE-L/XL,TT22E08011409,
DE-E18A-BLUE-L/XL,TT22EO7060834,
DE-E18A-BLUE-L/XL,TT22E08011958,
DE-E18A-BLUE-L/XL,TT22E08011421,
DE-E18A-BLUE-L/XL,TT22E08011300,
DE-E18A-BLUE-L/XL,TT22E08011922,
DE-E18A-BLUE-L/XL,TT22E08011743,
DE-E18A-BLUE-L/XL,TT22EO7060796,
DE-E18A-BLUE-L/XL,TT22EO7060650,
DE-E18A-BLUE-L/XL,TT22E08011005,
DE-E18-GRAY-L/XL,TT22EO7O60775,
DE-E18-GRAY-L/XL,TT22E08011563,
DE-E18-GRAY-L/XL,TT22E08011002,
DE-E18-GRAY-L/XL,TT22E08011390,
DE-E18-GRAY-L/XL,TT22E08011363,
DE-E18-GRAY-L/XL,TT22EO5O60223,
DE-E18-GRAY-L/XL,TT22EO7O60657,
DE-E18-GRAY-L/XL,TT22EO5O60241,
DE-E18-GRAY-L/XL,TT22E08011767,
DE-E18-GRAY-L/XL,TT22EO7O60804,
DE-E18-GRAY-L/XL,TT22E08011875,
DE-E18-GRAY-L/XL,TT22E08011815,
DE-E13A-BLACK-S/M,TT22A11120221,
DE-E13A-BLACK-S/M,TT22A11110093,
DE-E13A-BLACK-S/M,TT22A11201074,
DE-E13A-BLACK-S/M,TT22A11120295,
DE-E13A-BLACK-S/M,TT22A11201116,
DE-E13A-BLACK-S/M,TT22A11120327,
DE-E13A-BLACK-S/M,TT22A11110016,
DE-E13A-BLACK-S/M,TT22A11201082,
DE-E13A-BLACK-S/M,TT22A11140819,
DE-E13A-BLACK-S/M,TT22A11201003,
DE-E13A-BLACK-S/M,TT22A11120263,
DE-E18A-BLUE-L/XL,TT22E08011055,
DE-E18A-BLUE-L/XL,TT22E08011675,
DE-E18A-BLUE-L/XL,TT22E08011493,
DE-E18A-BLUE-L/XL,TT22EO7060659,
DE-E13-BONE-S/M,TT22AO6054007,
DE-E13-BONE-S/M,TT22D07180945,
DE-E13-BONE-S/M,TT22AO6050473,
DE-E13-BONE-S/M,TT22D07180184,
DE-E13-BONE-S/M,TT22D04300017,
DE-E13-BONE-S/M,TT22D07180308,
DE-E13-BONE-S/M,TT22D04300165,
DE-E13-BONE-S/M,TT22D04300491,
DE-E18A-BLUE-L/XL,TT22EO7060611,
DE-E18A-BLUE-L/XL,TT22EO7060713,
DE-E18A-BLUE-L/XL,TT22E08011831,
DE-E18A-BLUE-L/XL,TT22E08011309,
DE-E18A-BLUE-L/XL,TT22EO7060529,
DE-E18A-BLUE-L/XL,TT22EO6O60435,
DE-E18A-BLUE-L/XL,TT22E08011781,
DE-E18A-BLUE-L/XL,TT22EO7060662,
DE-E18A-BLUE-L/XL,TT22E08011347,
DE-E18A-BLUE-L/XL,TT22E08011553,
DE-E18A-BLUE-L/XL,TT22E08011157,
DE-E18A-BLUE-L/XL,TT22EO7060516,
DE-E18-GRAY-S/M,TT22E05060172,
DE-E18-GRAY-S/M,TT22E05060153,
DE-E18-GRAY-S/M,TT22E05060053,
DE-E18-GRAY-S/M,TT22E05060071,
DE-E18-GRAY-S/M,TT22E05060115,
DE-E18-GRAY-S/M,TT22E05060105,
DE-E18-GRAY-S/M,TT22E05060145,
DE-E18-GRAY-S/M,TT22E05060111,
DE-E18-GRAY-S/M,TT22E05060177,
DE-E18-GRAY-S/M,TT22E05060008,
DE-E18-GRAY-S/M,TT22E05060094,
DE-E18-GRAY-S/M,TT22E05060187,
DE-E09-WGY,TT21B11150187,
DE-E09-WGY,TT21B11150304,
DE-E09-WGY,TT21B11150198,
DE-E09-WGY,TT21B11150336,
DE-E09-WGY,TT21B11150460,
DE-E09-WGY,TT21B11150495,
DE-E09-WGY,TT21B11150430,
DE-E09-WGY,TT21B11150020,
DE-E09-WGY,TT21B11150108,
DE-E09-WGY,TT21B11150053,
DE-E09-WGY,TT21B11150282,
DE-E09-WGY,TT21B11150414,
DE-E18A-BLUE-L/XL,TT22EO7060891,
DE-E18A-BLUE-L/XL,TT22E08011660,
DE-E18A-BLUE-L/XL,TT22EO7060522,
DE-E18A-BLUE-L/XL,TT22E08011949,
DE-E18A-BLUE-L/XL,TT22E08010666,
DE-E18A-BLUE-L/XL,TT22E08011823,
DE-E18A-BLUE-L/XL,TT22E06060478,
DE-E18A-BLUE-L/XL,TT22EO7060518,
DE-E18A-BLUE-L/XL,TT22EO7061000,
DE-E18A-BLUE-L/XL,TT22E08011432,
DE-E18A-BLUE-L/XL,TT22E08011175,
DE-E18A-BLUE-L/XL,TT22E08011812,
DE-E09-WGY,TT21B11150099,
DE-E09-WGY,TT21B11150170,
DE-E09-WGY,TT21B11150243,
DE-E09-WGY,TT21B11150400,
DE-E09-WGY,TT21B11150265,
DE-E09-WGY,TT21B11150034,
DE-E09-WGY,TT21B11150060,
DE-E09-WGY,TT21B11150361,
DE-E09-WGY,TT21B11150221,
DE-E09-WGY,TT21B11150085,
DE-E09-WGY,TT21B11150068,
DE-E09-WGY,TT21B11150309,
DE-E09-WGY,TT21B11150158,
DE-E09-WGY,TT21B11150104,
DE-E09-WGY,TT21B11150389,
DE-E09-WGY,TT21B11150173,
DE-E09-WGY,TT21B11150172,
DE-E09-WGY,TT21B11150296,
DE-E09-WGY,TT21B11150052,
DE-E09-WGY,TT21B11150160,
DE-E09-WGY,TT21B11150136,
DE-E09-WGY,TT21B11150307,
DE-E09-WGY,TT21B11150488,
DE-E09-WGY,TT21B11150051,
DE-E18-GRAY-S/M,TT22E05060006,
DE-E18-GRAY-S/M,TT22E05060020,
DE-E18-GRAY-S/M,TT22E05060092,
DE-E18-GRAY-S/M,TT22E05060074,
DE-E18-GRAY-S/M,TT22E05060131,
DE-E18-GRAY-S/M,TT22E05060043,
DE-E18-GRAY-S/M,TT22E05060026,
DE-E18-GRAY-S/M,TT22E05060060,
DE-E18-GRAY-S/M,TT22E05060102,
DE-E18-GRAY-S/M,TT22E05060120,
DE-E18-GRAY-S/M,TT22E05060141,
DE-E18-GRAY-S/M,TT22E05060148,
DE-E18A-BLUE-L/XL,TT22EO7060827,
DE-E18A-BLUE-L/XL,TT22EO7060855,
DE-E18A-BLUE-L/XL,TT22E08011342,
DE-E18A-BLUE-L/XL,TT22EO7060913,
DE-E18A-BLUE-L/XL,TT22EO7060748,
DE-E18A-BLUE-L/XL,TT22E08011476,
DE-E18A-BLUE-L/XL,TT22EO7060638,
DE-E18A-BLUE-L/XL,TT22E08011715,
DE-E18A-BLUE-L/XL,TT22E08011733,
DE-E18A-BLUE-L/XL,TT22E08011569,
DE-E18A-BLUE-L/XL,TT22EO7060862,
DE-E18A-BLUE-L/XL,TT22EO7060537,
DE-E09-WGY,TT22C03051913,
DE-E09-WGY,TT22C03051635,
DE-E09-WGY,TT22C03051800,
DE-E09-WGY,TT22C03051606,
DE-E09-WGY,TT22C03051561,
DE-E09-WGY,TT22C03051899,
DE-E09-WGY,TT22C03052027,
DE-E09-WGY,TT22C03052012,
DE-E09-WGY,TT22C03051722,
DE-E09-WGY,TT22C03051971,
DE-E09-WGY,TT22C03051613,
DE-E09-WGY,TT22C03051572,
DE-E18A-BLUE-L/XL,TT22EO6O60466,
DE-E18A-BLUE-L/XL,TT22E08011387,
DE-E18A-BLUE-L/XL,TT22EO7060626,
DE-E18A-BLUE-L/XL,TT22EO7060635,
DE-E18A-BLUE-L/XL,TT22E08011899,
DE-E18A-BLUE-L/XL,TT22EO7060878,
DE-E18A-BLUE-L/XL,TT22EO7060593,
DE-E18A-BLUE-L/XL,TT22EO7060920,
DE-E18A-BLUE-L/XL,TT22E08011464,
DE-E18A-BLUE-L/XL,TT22E08011402,
DE-E18A-BLUE-L/XL,TT22E08011410,
DE-E18A-BLUE-L/XL,TT22E08011520,
DE-E18-GRAY-L/XL,TT22E08011600,
DE-E18-GRAY-L/XL,TT22E08011555,
DE-E18-GRAY-L/XL,TT22E08011952,
DE-E18-GRAY-L/XL,TT22E08011052,
DE-E18-GRAY-L/XL,TT22E08011919,
DE-E18-GRAY-L/XL,TT22E08011405,
DE-E18-GRAY-L/XL,TT22E08011590,
DE-E18-GRAY-L/XL,TT22E08011023,
DE-E18-GRAY-L/XL,TT22E08011818,
DE-E18-GRAY-L/XL,TT22E08011120,
DE-E18-GRAY-L/XL,TT22E08011240,
DE-E18-GRAY-L/XL,TT22E08011650,
DE-E10-CGY,TT21B12200867,
DE-E10-CGY,TT22C03050609,
DE-E10-CGY,TT22C03050343,
DE-E10-CGY,TT22C03050225,
DE-E10-CGY,TT22C03050398,
DE-E10-CGY,TT22C03050632,
DE-E10-CGY,TT22C03051323,
DE-E10-CGY,TT22C03050571,
DE-E10-CGY,TT22C03050476,
DE-E10-CGY,TT22C03050109,
DE-E10-CGY,TT22C03051092,
DE-E10-CGY,TT22C03050882,
DE-E10-CGY,TT22C03050019,
DE-E10-CGY,TT22C03050042,
DE-E10-CGY,TT22C03050483,
DE-E10-CGY,TT22C03050983,
DE-E10-CGY,TT22C03051279,
DE-E10-CGY,TT21B12200543,
DE-E10-CGY,TT22C03050163,
DE-E10-CGY,TT22C03051262,
DE-E10-CGY,TT22C03050097,
DE-E10-CGY,TT22C03050644,
DE-E10-CGY,TT21B12200866,
DE-E10-CGY,TT22C03051071,
DE-E18-GRAY-L/XL,TT22E08011136,
DE-E18-GRAY-L/XL,TT22E08011994,
DE-E18-GRAY-L/XL,TT22E08011574,
DE-E18-GRAY-L/XL,TT22E08011853,
DE-E18-GRAY-L/XL,TT22E08011639,
DE-E18-GRAY-L/XL,TT22E08011243,
DE-E18-GRAY-L/XL,TT22E08011231,
DE-E18-GRAY-L/XL,TT22E08011117,
DE-E18-GRAY-L/XL,TT22E08011489,
DE-E18-GRAY-L/XL,TT22E05060298,
DE-E18-GRAY-L/XL,TT22E08011069,
DE-E18-GRAY-L/XL,TT22E08011356,
DE-E04-PIN,TT22A12151030,
DE-E04-PIN,TT22A12110923,
DE-E04-PIN,TT22A12151190,
DE-E04-PIN,TT22A12151504,
DE-E04-PIN,TT22A12151912,
DE-E04-PIN,TT22A12151602,
DE-E04-PIN,TT22A12151198,
DE-E04-PIN,TT22A12151582,
DE-E04-PIN,TT22A12151510,
DE-E04-PIN,TT22A12151554,
DE-E04-PIN,TT22A12151724,
DE-E04-PIN,TT22A12151552,
DE-E10-CGY,TT21B12200805,
DE-E10-CGY,TT21B12200693,
DE-E10-CGY,TT21B12200745,
DE-E10-CGY,TT21B12200927,
DE-E10-CGY,TT22C03050168,
DE-E10-CGY,TT21B12200809,
DE-E10-CGY,TT21B12200966,
DE-E10-CGY,TT22C03050605,
DE-E10-CGY,TT21B12200715,
DE-E10-CGY,TT22C03051066,
DE-E10-CGY,TT22C03051039,
DE-E10-CGY,TT22C03050603,
DE-E12-WBK-L/XL,TT22AO90840,
DE-E12-WBK-L/XL,TT22E07060634,
DE-E12-WBK-L/XL,TT22E07060846,
DE-E12-WBK-L/XL,TT22AO90686,
DE-E12-WBK-L/XL,TT22AO90714,
DE-E12-WBK-L/XL,TT22E07060786,
DE-E12-WBK-L/XL,TT22E07061129,
DE-E12-WBK-L/XL,TT22E07061093,
DE-E12-WBK-L/XL,TT22AO90888,
DE-E04-PIN,TT22A12110792,
DE-E04-PIN,TT22A12151026,
DE-E04-PIN,TT22A12151608,
DE-E04-PIN,TT22A12151148,
DE-E04-PIN,TT22A12151154,
DE-E04-PIN,TT22A12110522,
DE-E04-PIN,TT22A12151466,
DE-E04-PIN,TT22A12151220,
DE-E04-PIN,TT22A12151403,
DE-E04-PIN,TT22A12151080,
DE-E04-PIN,TT22A12151652,
DE-E04-PIN,TT22A12151446,
DE-E18A-BLUE-L/XL,TT22E08011289,
DE-E18A-BLUE-L/XL,TT22E08011084,
DE-E18A-BLUE-L/XL,TT22E08011228,
DE-E18A-BLUE-L/XL,TT22EO7060551,
DE-E18A-BLUE-L/XL,TT22EO7060523,
DE-E18A-BLUE-L/XL,TT22E08011921,
DE-E18A-BLUE-L/XL,TT22E08011800,
DE-E18A-BLUE-L/XL,TT22E08011943,
DE-E18A-BLUE-L/XL,TT22E08011693,
DE-E18A-BLUE-L/XL,TT22E08011145,
DE-E18A-BLUE-L/XL,TT22E08011448,
DE-E18A-BLUE-L/XL,TT22EO7060742,
DE-E13A-BLACK-S/M,TT22A11201004,
DE-E13A-BLACK-S/M,TT22A11120342,
DE-E10-CGY,TT22C03050313,
DE-E10-CGY,TT22C03050670,
DE-E10-CGY,TT22C03050401,
DE-E10-CGY,TT22C03051263,
DE-E10-CGY,TT22C03051261,
DE-E10-CGY,TT21B12200986,
DE-E10-CGY,TT22C03050572,
DE-E18-GRAY-L/XL,TT22E08011478,
DE-E18-GRAY-L/XL,TT22E08011581,
DE-E18-GRAY-L/XL,TT22E08011192,
DE-E18-GRAY-L/XL,TT22EO7O60967,
DE-E18-GRAY-L/XL,TT22E08011500,
DE-E18-GRAY-L/XL,TT22E08011614,
DE-E18-GRAY-L/XL,TT22E08011720,
DE-E18-GRAY-L/XL,TT22EO5O60319,
DE-E18-GRAY-L/XL,TT22E08011121,
DE-E18-GRAY-L/XL,TT22EO5O60279,
DE-E18-GRAY-L/XL,TT22E08011161,
DE-E18-GRAY-L/XL,TT22E06060600,
DE-E09-WGY,TT21B11150109,
DE-E09-WGY,TT21B11150149,
DE-E09-WGY,TT21B11150204,
DE-E09-WGY,TT21B11150092,
DE-E09-WGY,TT21B11150116,
DE-E09-WGY,TT21B11150151,
DE-E09-WGY,TT21B11150391,
DE-E09-WGY,TT21B11150496,
DE-E09-WGY,TT21B11150019,
DE-E09-WGY,TT21B11150383,
DE-E09-WGY,TT21B11150134,
DE-E09-WGY,TT21B11150236,
DE-E18A-BLUE-L/XL,TT22E08011490,
DE-E18A-BLUE-L/XL,TT22E08011332,
DE-E18A-BLUE-L/XL,TT22E08011856,
DE-E18A-BLUE-L/XL,TT22E08011764,
DE-E18A-BLUE-L/XL,TT22E08011913,
DE-E18A-BLUE-L/XL,TT22EO7060534,
DE-E18A-BLUE-L/XL,TT22E08011596,
DE-E18A-BLUE-L/XL,TT22E06060462,
DE-E18A-BLUE-L/XL,TT22EO7060955,
DE-E18A-BLUE-L/XL,TT22E08011787,
DE-E18A-BLUE-L/XL,TT22EO7060643,
DE-E18A-BLUE-L/XL,TT22E08011992,
DE-E09-WGY,TT21B11150128,
DE-E09-WGY,TT21B11150190,
DE-E09-WGY,TT21B11150429,
DE-E09-WGY,TT21B11150334,
DE-E09-WGY,TT21B11150395,
DE-E09-WGY,TT21B11150271,
DE-E09-WGY,TT21B11150165,
DE-E09-WGY,TT21B11150362,
DE-E09-WGY,TT21B11150297,
DE-E09-WGY,TT21B11150150,
DE-E09-WGY,TT21B11150110,
DE-E09-WGY,TT21B11150351,
DE-E13-BONE-S/M,TT22D07180252,
DE-E13-BONE-S/M,TT22D07180047,
DE-E13-BONE-S/M,TT22AO6054245,
DE-E13-BONE-S/M,TT22D07180209,
DE-E13-BONE-S/M,TT22AO6054168,
DE-E13-BONE-S/M,TT22D07180406,
DE-E13-BONE-S/M,TT22D07180658,
DE-E13-BONE-S/M,TT22AO6054040,
DE-E13-BONE-S/M,TT22D07180331,
DE-E13-BONE-S/M,TT22D07180552,
DE-E13-BONE-S/M,TT22D07180599,
DE-E13-BONE-S/M,TT22D07180986,
DE-E13A-BLACK-S/M,TT22A11110180,
DE-E13A-BLACK-S/M,TT22A11201130,
DE-E13A-BLACK-S/M,TT22A11140874,
DE-E13A-BLACK-S/M,TT22A11120374,
DE-E13A-BLACK-S/M,TT22A11110101,
DE-E13A-BLACK-S/M,TT22A11201008,
DE-E13A-BLACK-S/M,TT22A11120219,
DE-E13A-BLACK-S/M,TT22A11201167,
DE-E13A-BLACK-S/M,TT22A11110017,
GT-TUNDRA750ST-SIL,TT22C06071156,
GT-TUNDRA750ST-SIL,TT22A100626,
GT-TUNDRA750ST-SIL,TT22A100605,
GT-TUNDRA750ST-SIL,TT22C06071176,
GT-TUNDRA750ST-SIL,TT22A100662,
GT-TUNDRA750ST-SIL,TT22A100618,
GT-TUNDRA750ST-SIL,TT22C06071040,
GT-TUNDRA750ST-SIL,TT22A100899,
DE-E13-BONE-S/M,TT22D07180898,
DE-E13-BONE-S/M,TT22AO6054234,
DE-E13-BONE-S/M,TT22AO6054149,
DE-E13-BONE-S/M,TT22D07180566,
DE-E13-BONE-S/M,TT22AO6054148,
DE-E13-BONE-S/M,TT22AO6054159,
DE-E13-BONE-S/M,TT22D04300113,
DE-E13-BONE-S/M,TT22AO6054337,
DE-E13-BONE-S/M,TT22D07180219,
DE-E13-BONE-S/M,TT22A06050517,
DE-E13-BONE-S/M,TT22D07180098,
DE-E13-BONE-S/M,TT22AO6054031,
DE-E13-BONE-S/M,TT22A05210361,
DE-E13-BONE-S/M,TT22D07180043,
DE-E13-BONE-S/M,TT22A05210043,
DE-E13-BONE-S/M,TT22D07180669,
DE-E13-BONE-S/M,TT22D07180064,
DE-E13-BONE-S/M,TT22AO6054169,
DE-E13-BONE-S/M,TT22D07180480,
DE-E13-BONE-S/M,TT22D07180663,
DE-E13-BONE-S/M,TT22D07180731,
DE-E13-BONE-S/M,TT22D07180374,
DE-E13-BONE-S/M,TT22D07180144,
DE-E13-BONE-S/M,TT22A05210022,
DE-E18-GRAY-S/M,TT22E06060260,
DE-E18-GRAY-S/M,TT22E07060285,
DE-E18-GRAY-S/M,TT22EO6O60127,
DE-E18-GRAY-S/M,TT22E06060063,
DE-E18-GRAY-S/M,TT22E05060079,
DE-E18-GRAY-S/M,TT22E06060202,
DE-E18-GRAY-S/M,TT22E06060204,
DE-E13A-Wavy-L/XL,TT22A09020477,
DE-E13-BONE-S/M,TT22D07180622,
DE-E13-BONE-S/M,TT22D04300501,
DE-E13-BONE-S/M,TT22D07180052,
DE-E13-BONE-S/M,TT22D07180010,
DE-E13-BONE-S/M,TT22D07180058,
DE-E13-BONE-S/M,TT22D07180874,
DE-E13-BONE-S/M,TT22D07180596,
DE-E13-BONE-S/M,TT22D07180897,
DE-E13-BONE-S/M,TT22AO6054256,
DE-E13-BONE-S/M,TT22D07180082,
DE-E13-BONE-S/M,TT22D07180394,
DE-E13-BONE-S/M,TT22AO6054192,
DE-E13-BONE-S/M,TT22D04300210,
DE-E13-BONE-S/M,TT22A05210318,
DE-E13-BONE-S/M,TT22D04300201,
DE-E13-BONE-S/M,TT22D04300597,
DE-E13-BONE-S/M,TT22A05210571,
DE-E13-BONE-S/M,TT22D04300319,
DE-E13-BONE-S/M,TT22A05210243,
DE-E13-BONE-S/M,TT22A05210024,
DE-E13-BONE-S/M,TT22D04300421,
DE-E13-BONE-S/M,TT22A06050579,
DE-E18-GRAY-S/M,TT22E08010793,
DE-E18-GRAY-S/M,TT22E08010358,
DE-E18-GRAY-S/M,TT22E08010314,
DE-E18-GRAY-S/M,TT22EO6O60198,
DE-E18-GRAY-S/M,TT22EO7O60234,
DE-E18-GRAY-S/M,TT22E08010516,
DE-E18-GRAY-S/M,TT22EO7O60107,
DE-E18-GRAY-S/M,TT22E08010922,
DE-E18-GRAY-S/M,TT22EO7O60033,
DE-E18-GRAY-S/M,TT22EO7O60205,
DE-E18-GRAY-S/M,TT22EO7O60193,
DE-E18-GRAY-S/M,TT22E08010395,
DE-E13-BONE-S/M,TT22A05210325,
DE-E13-BONE-S/M,TT22D07180079,
DE-E13-BONE-S/M,TT22D04300117,
DE-E13-BONE-S/M,TT22D04300062,
DE-E13-BONE-S/M,TT22A05210338,
DE-E13-BONE-S/M,TT22D04300357,
DE-E13-BONE-S/M,TT22A06050551,
DE-E13-BONE-S/M,TT22D04300333,
DE-E13-BONE-S/M,TT22D04300199,
DE-E13-BONE-S/M,TT22D04300005,
DE-E13-BONE-S/M,TT22D04300402,
DE-E13-BONE-S/M,TT22D04300489,
GT-F1350D-WHI,TT22E10201965,Transferred
GT-F1350D-WHI,TT22E11180767,Transferred
GT-F1350D-WHI,TT22E10201802,Transferred
GT-F1350D-WHI,TT22E11180135,Transferred
GT-F1350D-WHI,TT22E11180680,Transferred
GT-F1350D-WHI,TT22E10201516,Transferred
GT-F1350D-WHI,TT22E10201572,Transferred
GT-F1350D-WHI,TT22E10201821,Transferred
GT-F1350D-WHI,TT22E10201822,Transferred
GT-F1350D-WHI,TT22E10201959,Transferred
GT-F1350D-WHI,TT22E10201903,Transferred
GT-F1350D-WHI,TT22E10201763,Transferred
GT-F1350D-WHI,TT22E10201610,Transferred
GT-F1350D-WHI,TT22E10201528,Transferred
GT-F1350D-WHI,TT22E10201709,Transferred
GT-F1350D-WHI,TT22E10201760,Transferred
GT-F1350D-WHI,TT22E10201871,Transferred
GT-F1350D-WHI,TT22E11180613,Transferred
GT-F1350D-WHI,TT22E11181050,Transferred
GT-F1350D-WHI,TT22E10201634,Transferred
GT-F1350D-WHI,TT22E11180796,Transferred
GT-F1350D-WHI,TT22E10201512,Transferred
GT-F1350D-WHI,TT22E11180493,Transferred
GT-F1350D-WHI,TT22E10201522,Transferred
GT-F1350D-WHI,TT22E11180824,Transferred
GT-F1350D-WHI,TT22E10201729,Transferred
GT-F1350D-WHI,TT22E10201910,Transferred
GT-F1350D-WHI,TT22E10201735,Transferred
GT-F1350D-WHI,TT22E10201749,Transferred
GT-F1350D-WHI,TT22E11180186,Transferred
GT-F1350D-WHI,TT22E10200023,Transferred
GT-F1350D-WHI,TT22E10200486,Transferred
GT-F1350D-WHI,TT22E10201936,Transferred
GT-F1350D-WHI,TT22E10201832,Transferred
GT-F1350D-WHI,TT22E11180506,Transferred
GT-F1350D-WHI,TT22E10201619,Transferred
GT-F1350D-WHI,TT22E10201912,Transferred
GT-F1350D-WHI,TT22E11180456,Transferred
GT-F1350D-WHI,TT22E10201594,Transferred
GT-F1350D-WHI,TT22E10201705,Transferred
GT-F1350D-WHI,TT22E11180047,Transferred
GT-F1350D-WHI,TT22E10201604,Transferred
GT-F1350D-WHI,TT22E11180065,Transferred
GT-F1350D-WHI,TT22E10201692,Transferred
GT-F1350D-WHI,TT22E10201919,Transferred
GT-F1350D-WHI,TT22E11180778,Transferred
GT-F1350D-WHI,TT22E10201537,Transferred
GT-F1350D-WHI,TT22E10201805,Transferred
GT-F1350D-WHI,TT22E10201571,Transferred
GT-F1350D-WHI,TT22E10201680,Transferred
GT-F1350D-WHI,TT22E10201536,Transferred
GT-F1350D-WHI,TT22E11180621,Transferred
GT-F1350D-WHI,TT22E10201994,Transferred
GT-F1350D-WHI,TT22E10201837,Transferred
GT-F1350D-WHI,TT22E11181010,Transferred
GT-F1350D-WHI,TT22E11180418,Transferred
GT-F1350D-WHI,TT22E10201996,Transferred
GT-F1350D-WHI,TT22E10201807,Transferred
GT-F1350D-WHI,TT22E10201535,Transferred
GT-F1350D-WHI,TT22E11181048,Transferred
GT-F1350D-WHI,TT22E10201739,Transferred
GT-F1350D-WHI,TT22E10201824,Transferred
GT-F1350D-WHI,TT22E10201554,Transferred
GT-F1350D-WHI,TT22E10201713,Transferred
GT-F1350D-WHI,TT22E10201754,Transferred
GT-F1350D-WHI,TT22E10201780,Transferred
GT-F1350D-WHI,TT22E10201591,Transferred
GT-F1350D-WHI,TT22E10201641,Transferred
GT-F1350D-WHI,TT22E10201737,Transferred
GT-F1350D-WHI,TT22E10201825,Transferred
GT-F1350D-WHI,TT22E10201675,Transferred
DE-E09-WGY,TT21B11150270,
DE-E09-WGY,TT21B11150142,
DE-E09-WGY,TT21B11150316,
DE-E09-WGY,TT21B11150348,
DE-E09-WGY,TT21B11150171,
DE-E09-WGY,TT21B11150326,
DE-E09-WGY,TT21B11150437,
DE-E09-WGY,TT21B11150229,
DE-E09-WGY,TT21B11150061,
DE-E09-WGY,TT21B11150167,
DE-E09-WGY,TT21B11150070,
DE-E09-WGY,TT21B11150457,
DE-E18A-BLUE-X/XL,TT22E08011585,
DE-E18A-BLUE-X/XL,TT22E08011761,
DE-E18A-BLUE-X/XL,TT22E08011371,
DE-E18A-BLUE-X/XL,TT22EO7060533,
DE-E18A-BLUE-X/XL,TT22E08011659,
DE-E18A-BLUE-X/XL,TT22E08011505,
DE-E18A-BLUE-X/XL,TT22EO7060601,
DE-E18A-BLUE-X/XL,TT22EO7060575,
DE-E18A-BLUE-X/XL,TT22E08011974,
DE-E18A-BLUE-X/XL,TT22E05060331,
DE-E18A-BLUE-X/XL,TT22EO7060693,
DE-E18A-BLUE-X/XL,TT22E08011392,
DE-E09-WGY,TT22C03051695,
DE-E09-WGY,TT22C03051562,
DE-E09-WGY,TT22C03051721,
DE-E09-WGY,TT22C03051548,
DE-E09-WGY,TT22C03051700,
DE-E09-WGY,TT22C03051764,
DE-E09-WGY,TT22C03051628,
DE-E09-WGY,TT22C03051688,
DE-E09-WGY,TT22C03051521,
DE-E09-WGY,TT22C03051835,
DE-E09-WGY,TT22C03052000,
DE-E09-WGY,TT22C03051976,
DE-E18A-BLUE-X/XL,TT22EO6O60578,
DE-E18A-BLUE-X/XL,TT22EO7060655,
DE-E18A-BLUE-X/XL,TT22E08011229,
DE-E18A-BLUE-X/XL,TT22E08011479,
DE-E18A-BLUE-X/XL,TT22E08011465,
DE-E18A-BLUE-X/XL,TT22EO6O60473,
DE-E18A-BLUE-X/XL,TT22E08011051,
DE-E18A-BLUE-X/XL,TT22EO7060517,
DE-E18A-BLUE-X/XL,TT22EO7060521,
DE-E18A-BLUE-X/XL,TT22E08011901,
DE-E18A-BLUE-X/XL,TT22E08011801,
DE-E18A-BLUE-X/XL,TT22EO7060989,
DE-E18-GRAY-L/XL,TT22E08011531,
DE-E18-GRAY-L/XL,TT22E08011246,
DE-E18-GRAY-L/XL,TT22E08011738,
DE-E18-GRAY-L/XL,TT22E06060420,
DE-E18-GRAY-L/XL,TT22E08011871,
DE-E18-GRAY-L/XL,TT22EO7O60588,
DE-E18-GRAY-L/XL,TT22E08011471,
DE-E18-GRAY-L/XL,TT22E08011156,
DE-E18-GRAY-L/XL,TT22E08011696,
DE-E18-GRAY-L/XL,TT22EO7O60848,
DE-E18-GRAY-L/XL,TT22E08011202,
DE-E18-GRAY-L/XL,TT22E08011990,
DE-E13-BONE-S/M,TT22D04300522,
DE-E13-BONE-S/M,TT22DO4300587,
DE-E13-BONE-S/M,TT22D04300335,
DE-E13-BONE-S/M,TT22AO6050576,
DE-E13-BONE-S/M,TT22D04300173,
DE-E13-BONE-S/M,TT22D04300145,
DE-E13-BONE-S/M,TT22AO6050521,
DE-E13-BONE-S/M,TT22D04300194,
DE-E13-BONE-S/M,TT22D04300316,
DE-E13-BONE-S/M,TT22AO6O54316,
DE-E13-BONE-S/M,TT22D04300356,
DE-E13-BONE-S/M,TT22D07180226,
DE-E13-BONE-S/M,TT22D07180554,
DE-E13-BONE-S/M,TT22AO6054285,
DE-E13-BONE-S/M,TT22AO6O54154,
DE-E13-BONE-L/XL,TT22A06050809,
DE-E13-BONE-L/XL,TT22A06050991,
DE-E13-BONE-L/XL,TT22A06050065,
DE-E13-BONE-L/XL,TT22D04290612,
DE-E13-BONE-L/XL,TT22A06050954,
DE-E13-BONE-L/XL,TT22AO6050987,
DE-E18-GRAY-S/M,TT22E08010576,
DE-E18-GRAY-S/M,TT22E08010465,
DE-E18-GRAY-S/M,TT22EO6O60181,
DE-E18-GRAY-S/M,TT22EO7O60296,
DE-E18-GRAY-S/M,TT22E06060186,
DE-E18-GRAY-S/M,TT22EO7O60425,
DE-E18-GRAY-S/M,TT22EO6O60218,
DE-E18-GRAY-L/XL,TT22E08011626,
DE-E18-GRAY-L/XL,TT22E08011322,
DE-E18-GRAY-L/XL,TT22EO6O60443,
DE-E18-GRAY-L/XL,TT22E08011126,
DE-E18-GRAY-L/XL,TT22E06060331,
DE-E18-GRAY-L/XL,TT22EO7O60899,
DE-E18-GRAY-L/XL,TT22EO7060570,
DE-E18-GRAY-L/XL,TT22E08011074,
DE-E18-GRAY-L/XL,TT22E08011571,
DE-E18-GRAY-L/XL,TT22E08011663,
DE-E18-GRAY-L/XL,TT22E08011166,
DE-E18-GRAY-L/XL,TT22E08011248,
DE-E13A-WAVY-L/XL,TT22A09020198,
DE-E13A-WAVY-L/XL,TT22A09020147,
DE-E13A-WAVY-L/XL,TT22A09020392,
DE-E13A-WAVY-L/XL,TT22A09030241,
DE-E13A-WAVY-L/XL,TT22A09020457,
DE-E13A-WAVY-L/XL,TT22A09020184,
DE-E13A-WAVY-L/XL,TT22A09010266,
DE-E13A-WAVY-L/XL,TT22A09020369,
DE-E13A-WAVY-L/XL,TT22A09030047,
DE-E13A-WAVY-L/XL,TT22A09020204,
DE-E13A-WAVY-L/XL,TT22A09020033,
DE-E13A-WAVY-L/XL,TT22A09020445,
DE-E10-CGY,TT22C03050522,
DE-E10-CGY,TT22C03050580,
DE-E10-CGY,TT22C03050818,
DE-E10-CGY,TT22C03050787,
DE-E10-CGY,TT21B12200705,
DE-E10-CGY,TT22C03050702,
DE-E10-CGY,TT22C03050454,
DE-E10-CGY,TT22C03050551,
DE-E10-CGY,TT22C03050240,
DE-E18-GRAY-S/M,TT22EO7O60207,
DE-E18-GRAY-S/M,TT22EO5O60175,
DE-E18-GRAY-S/M,TT22EO7O60272,
DE-E18-GRAY-S/M,TT22EO7O60394,
DE-E18-GRAY-S/M,TT22EO6O60253,
DE-E18-GRAY-S/M,TT22EO6O60201,
DE-E18-GRAY-S/M,TT22EO7O60224,
DE-E18-GRAY-S/M,TT22EO6O60079,
DE-E18-GRAY-S/M,TT22EO7O60483,
DE-E13A-WAVY-L/XL,TT22A09010250,
DE-E13A-WAVY-L/XL,TT22A09020229,
DE-E13A-WAVY-L/XL,TT22A09020177,
DE-E13A-WAVY-L/XL,TT22A09010356,
DE-E13A-WAVY-L/XL,TT22A09020137,
DE-E13A-WAVY-L/XL,TT22A09020101,
DE-E13A-WAVY-L/XL,TT22A09010418,
DE-E13A-WAVY-L/XL,TT22A09020450,
DE-E13A-WAVY-L/XL,TT22A09030120,
DE-E13A-WAVY-L/XL,TT22A09020290,
DE-E13A-WAVY-L/XL,TT22A09020458,
DE-E13A-WAVY-L/XL,TT22A09020042,
DE-E18-GRAY-L/XL,TT22E08011284,
DE-E18-GRAY-L/XL,TT22E08011172,
DE-E18-GRAY-L/XL,TT22E08011559,
DE-E18-GRAY-L/XL,TT22EO7O60586,
DE-E18-GRAY-L/XL,TT22EO7O60811,
DE-E18-GRAY-L/XL,TT22E08011205,
DE-E18-GRAY-L/XL,TT22EO7O60578,
DE-E18-GRAY-L/XL,TT22E08011694,
DE-E18-GRAY-L/XL,TT22E08011967,
DE-E18-GRAY-L/XL,TT22E08011927,
DE-E18-GRAY-L/XL,TT22EO7O60699,
DE-E18-GRAY-L/XL,TT22E08011178,
DE-E13-BONE-S/M,TT22AO6054274,
DE-E13-BONE-S/M,TT22D07180239,
DE-E13-BONE-S/M,TT22D04300453,
DE-E13-BONE-S/M,TT22D04300309,
DE-E13-BONE-S/M,TT22D04300353,
DE-E13-BONE-S/M,TT22AO6050487,
DE-E13-BONE-S/M,TT22D04300513,
DE-E13-BONE-S/M,TT22A05210122,
DE-E13-BONE-S/M,TT22A05210395,
DE-E18-GRAY-L/XL,TT22E05060285,
DE-E18-GRAY-L/XL,TT22E08011938,
DE-E18-GRAY-L/XL,TT22E08011075,
DE-E18-GRAY-L/XL,TT22EO7O60570,
DE-E18-GRAY-L/XL,TT22E08011560,
DE-E18-GRAY-L/XL,TT22E08011427,
DE-E18-GRAY-L/XL,TT22E08011109,
DE-E18-GRAY-L/XL,TT22E08011906,
DE-E18-GRAY-L/XL,TT22E08011268,
DE-E18-GRAY-L/XL,TT22E08011352,
DE-E18-GRAY-L/XL,TT22E08011011,
DE-E18-GRAY-L/XL,TT22E08011988,
DE-E10-CGY,TT22C03051333,
DE-E10-CGY,TT22C03050753,
DE-E10-CGY,TT22C03050129,
DE-E10-CGY,TT22C03050317,
DE-E10-CGY,TT21B12200755,
DE-E10-CGY,TT22C03051078,
DE-E10-CGY,TT21B12200831,
DE-E10-CGY,TT22C03050311,
DE-E10-CGY,TT22C03050769,
DE-E18-GRAY-L/XL,TT22E08011630,
DE-E18-GRAY-L/XL,TT22EO7O60532,
DE-E18-GRAY-L/XL,TT22E08011628,
DE-E18-GRAY-L/XL,TT22E08011997,
DE-E18-GRAY-L/XL,TT22E08011723,
DE-E18-GRAY-L/XL,TT22EO7O60968,
DE-E18-GRAY-L/XL,TT22E08011860,
DE-E18-GRAY-L/XL,TT22E08011381,
DE-E18-GRAY-L/XL,TT22E08011742,
DE-E18-GRAY-L/XL,TT22EO7O60558,
DE-E18-GRAY-L/XL,TT22E08011185,
DE-E18-GRAY-L/XL,TT22E08011543,
DE-E13-BONE-S/M,TT22D07180749,
DE-E13-BONE-S/M,TT22D07180204,
DE-E13-BONE-S/M,TT22D07180746,
DE-E13-BONE-S/M,TT22D07180542,
DE-E13-BONE-S/M,TT22D07180588,
DE-E13-BONE-S/M,TT22D07180229,
DE-E13-BONE-S/M,TT22D07180284,
DE-E13-BONE-S/M,TT22D07180860,
DE-E13-BONE-S/M,TT22D07180899,
DE-E13-BONE-S/M,TT22A05210250,
DE-E13-BONE-S/M,TT22AO6O54235,
DE-E13-BONE-S/M,TT22AO6O54081,
DE-E13-BONE-S/M,TT22AO6O54190,
DE-E13-BONE-S/M,TT22AO6O54164,
DE-E13-BONE-S/M,TT22AO6O54203,
DE-E13-BONE-S/M,TT22D07180427,
DE-E13-BONE-S/M,TT22AO6O54309,
DE-E13-BONE-S/M,TT22D07180397,
DE-E13-BONE-S/M,TT22D07180558,
DE-E13-BONE-S/M,TT22AO6054273,
DE-E13-BONE-S/M,TT22AO6050470,
DE-E13-BONE-S/M,TT22AO6050565,
DE-E13-BONE-S/M,TT22D04300200,
DE-E13-BONE-S/M,TT22AO6050504,
DE-E13-BONE-S/M,TT22D04300434,
DE-E13-BONE-S/M,TT22AO6050585,
DE-E13-BONE-S/M,TT22A05210099,
DE-E13-BONE-S/M,TT22A05210229,
DE-E13-BONE-S/M,TT22A05210323,
DE-E13-BONE-S/M,TT22A05210234,
DE-E13-BONE-S/M,TT22AO6O54132,
DE-E13-BONE-S/M,TT22AO6054063,
DE-E13-BONE-S/M,TT22A05210068,
DE-E13-BONE-S/M,TT22D07180928,
DE-E13-BONE-S/M,TT22AO6054219,
DE-E13-BONE-S/M,TT22AO6O54049,
DE-E13-BONE-S/M,TT22AO6O54072,
DE-E13-BONE-S/M,TT22AO6O54328,
DE-E13-BONE-S/M,TT22D07180548,
DE-E13-BONE-S/M,TT22AO6O54062,
DE-E13-BONE-S/M,TT22D07180398,
DE-E13-BONE-S/M,TT22D07180626,
DE-E13-BONE-L/XL,TT22A06050775,
DE-E13-BONE-L/XL,TT22A06050784,
DE-E13-BONE-L/XL,TT22A06050892,
DE-E13-BONE-L/XL,TT22D04300937,
DE-E13-BONE-L/XL,TT22A06050818,
DE-E13-BONE-L/XL,TT22D04300813,
DE-E13-BONE-L/XL,TT22A06050920,
DE-E13-BONE-L/XL,TT22D04300927,
DE-E13-BONE-L/XL,TT22A06050231,
DE-E18-GRAY-S/M,TT22E08010518,
DE-E18-GRAY-S/M,TT22E08010846,
DE-E18-GRAY-S/M,TT22E08010124,
DE-E18-GRAY-S/M,TT22E08010741,
DE-E18-GRAY-S/M,TT22EO6O60284,
DE-E18-GRAY-S/M,TT22E06060031,
DE-E18-GRAY-S/M,TT22E08010790,
DE-E18-GRAY-S/M,TT22E06060266,
DE-E18-GRAY-S/M,TT22E08010289,
DE-E18-GRAY-S/M,TT22EO7O60055,
DE-E18-GRAY-S/M,TT22E08010845,
DE-E18-GRAY-S/M,TT22E08010634,
DE-E13-BONE-L/XL,TT22D04301092,
DE-E13-BONE-L/XL,TT22D04301032,
DE-E13-BONE-L/XL,TT22D04300632,
DE-E13-BONE-L/XL,TT22D04301053,
DE-E13-BONE-L/XL,TT22AO6050830,
DE-E13-BONE-L/XL,TT22D04300977,
DE-E13-BONE-L/XL,TT22A06050968,
DE-E13-BONE-L/XL,TT22A06050314,
DE-E13-BONE-L/XL,TT22A06050368,
DE-E18-GRAY-S/M,TT22EO7O60054,
DE-E18-GRAY-S/M,TT22EO7O60186,
DE-E18-GRAY-S/M,TT22EO7O60158,
DE-E18-GRAY-S/M,TT22EO7O60232,
DE-E18-GRAY-S/M,TT22EO7O60433,
DE-E18-GRAY-S/M,TT22EO7O60457,
DE-E18-GRAY-S/M,TT22EO7O60300,
DE-E18-GRAY-S/M,TT22EO7O60480,
DE-E18-GRAY-S/M,TT22EO7O60464,
DE-E18-GRAY-S/M,TT22EO7O60329,
DE-E18-GRAY-S/M,TT22E06060016,
DE-E18-GRAY-S/M,TT22EO7O60211,
DE-E13-BONE-L/XL,TT22A06050403,
DE-E13-BONE-L/XL,TT22AO6050934,
DE-E13-BONE-L/XL,TT22A06050033,
DE-E13-BONE-L/XL,TT22D04301134,
DE-E13-BONE-L/XL,TT22AO6050479,
DE-E13-BONE-L/XL,TT22D04300758,
DE-E13-BONE-L/XL,TT22D04301165,
DE-E13-BONE-L/XL,TT22D04301166,
DE-E13-BONE-L/XL,TT22AO6050360,
DE-E18-GRAY-S/M,TT22E08010809,
DE-E18-GRAY-S/M,TT22E06060005,
DE-E18-GRAY-S/M,TT22E08010205,
DE-E18-GRAY-S/M,TT22E08010411,
DE-E18-GRAY-S/M,TT22E08011000,
DE-E18-GRAY-S/M,TT22E06060084,
DE-E18-GRAY-S/M,TT22E08010655,
DE-E18-GRAY-S/M,TT22E08010224,
DE-E18-GRAY-S/M,TT22E08010569,
DE-E18-GRAY-S/M,TT22E08010689,
DE-E18-GRAY-S/M,TT22E08010616,
DE-E18-GRAY-S/M,TT22E08010472,
DE-E13-BONE-L/XL,TT22AO6050409,
DE-E13-BONE-L/XL,TT22D04301125,
DE-E13-BONE-L/XL,TT22D04301003,
DE-E13-BONE-L/XL,TT22A06050007,
DE-E13-BONE-L/XL,TT22A06050701,
DE-E13-BONE-L/XL,TT22D04290613,
DE-E13-BONE-L/XL,TT22AO6050806,
DE-E13-BONE-L/XL,TT22D04301188,
DE-E13-BONE-L/XL,TT22AO6050401,
DE-E18-GRAY-S/M,TT22E08010868,
DE-E18-GRAY-S/M,TT22E08010875,
DE-E18-GRAY-S/M,TT22EO7O60119,
DE-E18-GRAY-S/M,TT22E08010664,
DE-E18-GRAY-S/M,TT22E08010036,
DE-E18-GRAY-S/M,TT22E08010463,
DE-E18-GRAY-S/M,TT22EO7O60347,
DE-E18-GRAY-S/M,TT22EO7O60237,
DE-E18-GRAY-S/M,TT22EO7O60255,
DE-E18-GRAY-S/M,TT22E08010444,
DE-E18-GRAY-S/M,TT22EO5O60032,
DE-E18-GRAY-S/M,TT22EO7O60096,
DE-E13-BONE-L/XL,TT22AO6050149,
DE-E13-BONE-L/XL,TT22AO6050534,
DE-E13-BONE-L/XL,TT22DO43O1195,
DE-E13-BONE-L/XL,TT22D04300790,
DE-E13-BONE-L/XL,TT22A06050938,
DE-E13-BONE-L/XL,TT22A06050566,
DE-E13-BONE-L/XL,TT22D04301171,
DE-E13-BONE-L/XL,TT22A06050712,
DE-E13-BONE-L/XL,TT22D04300926,
DE-E18-GRAY-S/M,TT22E06060136,
DE-E18-GRAY-S/M,TT22E08010727,
DE-E18-GRAY-S/M,TT22E08010166,
DE-E18-GRAY-S/M,TT22E08010948,
DE-E18-GRAY-S/M,TT22E08010180,
DE-E18-GRAY-S/M,TT22E08010674,
DE-E18-GRAY-S/M,TT22E08010956,
DE-E18-GRAY-S/M,TT22E08010688,
DE-E18-GRAY-S/M,TT22E08010860,
DE-E18-GRAY-S/M,TT22E08010331,
DE-E18-GRAY-S/M,TT22E08010937,
DE-E18-GRAY-S/M,TT22E08010654,
DE-E13-BONE-S/M,TT22D04300516,
DE-E13-BONE-S/M,TT22D04300285,
DE-E13-BONE-S/M,TT22D04300087,
DE-E13-BONE-S/M,TT22D04300302,
DE-E13-BONE-S/M,TT22AO6050586,
DE-E13-BONE-S/M,TT22D04300209,
DE-E13-BONE-S/M,TT22A06050413,
DE-E13-BONE-S/M,TT22D04300067,
DE-E13-BONE-S/M,TT22D04300231,
DE-E13-BONE-S/M,TT22A05210334,
DE-E13-BONE-S/M,TT22D07180234,
DE-E13-BONE-S/M,TT22AO6O54276,
DE-E13-BONE-S/M,TT22AO6O54262,
DE-E13-BONE-S/M,TT22D07180075,
DE-E13-BONE-S/M,TT22AO6O54166,
DE-E13-BONE-S/M,TT22D07180628,
DE-E13-BONE-S/M,TT22AO6O54176,
DE-E13-BONE-S/M,TT22AO6O54104,
DE-E13-BONE-S/M,TT22AO6O54237,
DE-E13-BONE-S/M,TT22AO6O54327,
DE-E13-BONE-S/M,TT22AO6O50600,
DE-E13-BONE-S/M,TT22AO6050539,
DE-E13-BONE-S/M,TT22D04300561,
DE-E13-BONE-S/M,TT22D04300539,
DE-E13-BONE-S/M,TT22D04300025,
DE-E13-BONE-S/M,TT22D04300361,
DE-E13-BONE-S/M,TT22D04300215,
DE-E13-BONE-S/M,TT22AO6050483,
DE-E13-BONE-S/M,TT22A05210222,
DE-E13-BONE-S/M,TT22A05210314,
DE-E13-BONE-S/M,TT22D07180371,
DE-E13-BONE-S/M,TT22D04300027,
DE-E13-BONE-S/M,TT22D07180367,
DE-E13-BONE-S/M,TT22D07180090,
DE-E13-BONE-S/M,TT22AO6O54247,
DE-E13-BONE-S/M,TT22D07180485,
DE-E13-BONE-S/M,TT22AO6O54292,
DE-E13-BONE-S/M,TT22D07180737,
DE-E13-BONE-S/M,TT22A05210016,
DE-E13-BONE-S/M,TT22AO6O54344,
DE-E13-BONE-S/M,TT22D04300506,
DE-E13-BONE-S/M,TT22D04300431,
DE-E13-BONE-S/M,TT22D04300038,
DE-E13-BONE-S/M,TT22D04300218,
DE-E13-BONE-S/M,TT22D04300043,
DE-E13-BONE-S/M,TT22AO6050552,
DE-E13-BONE-S/M,TT22D04300540,
DE-E13-BONE-S/M,TT22D04300161,
DE-E13-BONE-S/M,TT22AO6050531,
DE-E13-BONE-S/M,TT22D07180531,
DE-E13-BONE-S/M,TT22AO6054041,
DE-E13-BONE-L/XL,TT22A06050899,
DE-E13-BONE-L/XL,TT22A06050870,
DE-E13-BONE-L/XL,TT22A06050412,
DE-E13-BONE-L/XL,TT22A06050392,
DE-E13-BONE-L/XL,TT22A06050161,
DE-E13-BONE-L/XL,TT22A06050761,
DE-E13-BONE-L/XL,TT22A06050876,
DE-E13-BONE-L/XL,TT22A06050121,
DE-E13-BONE-L/XL,TT22A06050589,
